t_abs,t_rel,stage,substage,cpu_pct,rss_mb,threads,gpu_util_pct,gpu_mem_mb
30838.821039,0.005551,,,0.000,646.578,3,0.000,620.062
30838.821507,0.006018,Preprocessing,Common average reference,0.000,646.578,3,0.000,620.062
30839.023197,0.207708,Preprocessing,Common average reference,29.700,736.973,5,1.000,931.375
30839.063937,0.248449,Preprocessing,Common average reference,24.600,742.293,5,1.000,931.375
30839.064572,0.249083,Preprocessing,High-pass filter,0.000,742.293,5,1.000,931.375
30839.284588,0.469100,Preprocessing,High-pass filter,0.000,743.750,5,0.000,931.375
30839.488030,0.672542,Preprocessing,High-pass filter,0.000,745.055,5,0.000,933.375
30839.674903,0.859414,Preprocessing,High-pass filter,5.400,765.102,5,0.000,981.375
30839.675324,0.859835,Preprocessing,Whitening,0.000,765.102,5,0.000,981.375
30839.688638,0.873150,Preprocessing,Whitening,0.000,765.340,5,0.000,981.375
30839.889286,1.073797,Preprocessing,Whitening,10.000,782.926,5,2.000,1117.375
30840.112846,1.297357,Preprocessing,Whitening,4.500,815.926,5,1.000,1207.375
30840.313582,1.498094,Preprocessing,Whitening,5.000,773.352,5,1.000,1207.375
30840.514280,1.698791,Preprocessing,Whitening,5.000,796.020,5,0.000,1207.375
30840.714942,1.899453,Preprocessing,Whitening,5.000,808.105,5,0.000,1295.375
30840.915590,2.100101,Preprocessing,Whitening,0.000,824.000,5,0.000,1295.375
30841.116221,2.300732,Preprocessing,Whitening,5.000,839.984,5,0.000,1299.375
30841.316919,2.501430,Preprocessing,Whitening,0.000,839.984,5,2.000,1299.375
30841.517537,2.702049,Preprocessing,Whitening,0.000,839.984,5,0.000,1299.375
30841.718125,2.902636,Preprocessing,Whitening,0.000,839.984,5,0.000,1299.375
30841.918751,3.103262,Preprocessing,Whitening,0.000,839.984,5,0.000,1299.375
30842.119379,3.303890,Preprocessing,Whitening,0.000,839.984,5,0.000,1299.375
30842.319993,3.504504,Preprocessing,Whitening,5.000,839.984,5,0.000,1299.375
30842.520495,3.705006,Preprocessing,Whitening,0.000,839.984,5,0.000,1299.375
30842.721395,3.905906,Preprocessing,Whitening,0.000,839.984,5,0.000,1299.375
30842.922339,4.106850,Preprocessing,Whitening,0.000,839.984,5,0.000,1299.375
30843.123229,4.307741,Preprocessing,Whitening,0.000,839.984,5,0.000,1299.375
30843.324156,4.508668,Preprocessing,Whitening,0.000,839.984,5,0.000,1299.375
30843.524947,4.709458,Preprocessing,Whitening,0.000,839.984,5,0.000,1299.375
30843.725583,4.910094,Preprocessing,Whitening,0.000,839.984,5,0.000,1299.375
30843.926205,5.110716,Preprocessing,Whitening,0.000,843.367,5,0.000,1303.375
30844.126820,5.311331,Preprocessing,Whitening,10.000,851.387,5,0.000,1309.375
30844.327473,5.511984,Preprocessing,Whitening,0.000,852.508,5,0.000,1933.375
30844.528079,5.712590,Preprocessing,Whitening,0.000,865.242,5,3.000,2647.375
30844.728707,5.913219,Preprocessing,Whitening,5.000,869.211,5,5.000,2647.375
30844.929358,6.113869,Preprocessing,Whitening,5.000,877.199,5,1.000,2647.375
30845.130014,6.314526,Preprocessing,Whitening,0.000,879.547,5,0.000,2655.375
30845.330773,6.515284,Preprocessing,Whitening,19.900,940.668,5,0.000,2655.375
30845.531443,6.715954,Preprocessing,Whitening,5.000,955.648,5,0.000,2655.375
30845.732091,6.916602,Preprocessing,Whitening,0.000,966.793,5,0.000,2655.375
30845.932741,7.117252,Preprocessing,Whitening,5.000,968.109,5,0.000,2655.375
30846.133381,7.317892,Preprocessing,Whitening,0.000,969.965,5,0.000,2655.375
30846.334018,7.518529,Preprocessing,Whitening,0.000,974.031,5,0.000,2693.375
30846.534711,7.719222,Preprocessing,Whitening,0.000,978.645,5,0.000,2693.375
30846.726272,7.910783,Preprocessing,Whitening,67.900,1001.168,5,0.000,2693.375
30846.726687,7.911199,Preprocessing,Drift correction,0.000,1001.168,5,0.000,2693.375
30846.735398,7.919909,Preprocessing,Drift correction,0.000,1023.402,5,0.000,2693.375
30846.935879,8.120390,Preprocessing,Drift correction,10.000,1006.395,5,49.000,2693.375
30847.136541,8.321052,Preprocessing,Drift correction,5.000,1026.004,5,4.000,2693.375
30847.337145,8.521656,Preprocessing,Drift correction,5.000,1059.781,5,0.000,2693.375
30847.537759,8.722270,Preprocessing,Drift correction,0.000,1062.273,5,0.000,2693.375
30847.738416,8.922928,Preprocessing,Drift correction,5.000,1084.570,5,3.000,2693.375
30847.939083,9.123595,Preprocessing,Drift correction,418.600,1091.277,28,0.000,2693.375
30848.139973,9.324484,Preprocessing,Drift correction,930.900,1091.719,51,0.000,2693.375
30848.340963,9.525474,Preprocessing,Drift correction,1373.200,1093.625,51,0.000,2693.375
30848.541871,9.726382,Preprocessing,Drift correction,323.500,1095.047,74,0.000,2693.375
30848.742829,9.927340,Preprocessing,Drift correction,10.000,1127.762,74,0.000,2693.375
30848.943430,10.127941,Preprocessing,Drift correction,24.900,1178.254,74,0.000,2693.375
30849.144158,10.328670,Preprocessing,Drift correction,24.900,1171.863,75,0.000,2693.375
30849.344843,10.529354,Preprocessing,Drift correction,0.000,1173.812,75,12.000,2695.375
30849.545473,10.729985,Preprocessing,Drift correction,0.000,1177.008,75,0.000,2695.375
30849.746091,10.930602,Preprocessing,Drift correction,5.000,1180.656,75,0.000,2695.375
30849.946680,11.131191,Preprocessing,Drift correction,0.000,1185.793,75,0.000,2695.375
30850.147279,11.331790,Preprocessing,Drift correction,0.000,1188.090,75,0.000,2695.375
30850.347900,11.532411,Preprocessing,Drift correction,0.000,1192.016,75,0.000,2695.375
30850.548546,11.733057,Preprocessing,Drift correction,5.000,1195.461,75,0.000,2695.375
30850.749150,11.933661,Preprocessing,Drift correction,5.000,1219.812,75,0.000,2695.375
30850.949826,12.134338,Preprocessing,Drift correction,15.000,1228.508,75,0.000,2695.375
30851.150451,12.334962,Preprocessing,Drift correction,5.000,1230.613,75,0.000,2695.375
30851.351112,12.535623,Preprocessing,Drift correction,0.000,1233.016,75,0.000,2695.375
30851.551731,12.736242,Preprocessing,Drift correction,5.000,1242.137,75,0.000,4539.375
30851.752526,12.937037,Preprocessing,Drift correction,5.000,1252.105,75,5.000,4541.375
30851.953159,13.137670,Preprocessing,Drift correction,84.700,1261.184,75,1.000,6297.375
30852.154456,13.338967,Preprocessing,Drift correction,79.500,1261.184,75,99.000,6297.375
30852.355112,13.539623,Preprocessing,Drift correction,10.000,1286.668,75,76.000,6297.375
30852.555753,13.740264,Preprocessing,Drift correction,5.000,1310.359,75,0.000,6297.375
30852.756383,13.940894,Preprocessing,Drift correction,29.900,1309.473,75,0.000,6297.375
30852.957135,14.141646,Preprocessing,Drift correction,99.600,1309.473,75,29.000,6297.375
30853.158280,14.342791,Preprocessing,Drift correction,74.600,1329.102,75,65.000,6297.375
30853.365293,14.549804,Preprocessing,Drift correction,62.800,1309.625,75,56.000,6299.375
30853.565936,14.750448,Preprocessing,Drift correction,99.700,1309.625,75,100.000,6299.375
30853.766557,14.951068,Preprocessing,Drift correction,49.800,1310.566,75,37.000,6299.375
30853.967302,15.151813,Preprocessing,Drift correction,94.600,1310.566,75,96.000,6299.375
30854.168003,15.352514,Preprocessing,Drift correction,104.700,1326.730,75,96.000,6299.375
30854.368664,15.553175,Preprocessing,Drift correction,94.700,1313.090,75,84.000,6299.375
30854.569363,15.753874,Preprocessing,Drift correction,99.700,1313.090,75,100.000,6299.375
30854.769950,15.954461,Preprocessing,Drift correction,104.700,1313.238,75,88.000,6299.375
30854.970654,16.155165,Preprocessing,Drift correction,99.600,1313.238,75,100.000,6299.375
30855.171275,16.355786,Preprocessing,Drift correction,99.700,1315.414,75,88.000,6299.375
30855.371962,16.556473,Preprocessing,Drift correction,99.700,1315.414,75,100.000,6299.375
30855.572626,16.757137,Preprocessing,Drift correction,99.700,1315.559,75,89.000,6299.375
30855.773259,16.957770,Preprocessing,Drift correction,99.700,1315.559,75,100.000,6299.375
30855.973875,17.158386,Preprocessing,Drift correction,99.700,1315.742,75,89.000,6299.375
30856.174566,17.359077,Preprocessing,Drift correction,99.600,1315.742,75,100.000,6299.375
30856.375186,17.559697,Preprocessing,Drift correction,99.700,1318.000,75,88.000,6299.375
30856.575883,17.760394,Preprocessing,Drift correction,99.700,1318.000,75,100.000,6299.375
30856.776851,17.961362,Preprocessing,Drift correction,99.500,1318.152,75,89.000,6299.375
30856.977858,18.162369,Preprocessing,Drift correction,104.500,1318.152,75,100.000,6299.375
30857.178835,18.363346,Preprocessing,Drift correction,99.500,1322.191,75,88.000,6299.375
30857.379911,18.564422,Preprocessing,Drift correction,99.500,1322.191,75,100.000,6299.375
30857.581082,18.765593,Preprocessing,Drift correction,104.400,1322.191,75,88.000,6299.375
30857.782177,18.966689,Preprocessing,Drift correction,99.500,1322.191,75,100.000,6299.375
30857.982875,19.167386,Preprocessing,Drift correction,99.600,1324.191,75,88.000,6299.375
30858.183617,19.368128,Preprocessing,Drift correction,99.600,1324.191,75,100.000,6299.375
30858.384343,19.568854,Preprocessing,Drift correction,99.600,1324.191,75,88.000,6299.375
30858.585147,19.769659,Preprocessing,Drift correction,99.600,1324.191,75,100.000,6299.375
30858.785929,19.970440,Preprocessing,Drift correction,99.600,1326.828,75,88.000,6299.375
30858.986676,20.171187,Preprocessing,Drift correction,99.600,1326.828,75,100.000,6299.375
30859.187362,20.371873,Preprocessing,Drift correction,104.600,1328.828,75,88.000,6299.375
30859.388153,20.572664,Preprocessing,Drift correction,99.600,1328.828,75,100.000,6299.375
30859.588840,20.773351,Preprocessing,Drift correction,99.700,1328.828,75,88.000,6299.375
30859.789939,20.974450,Preprocessing,Drift correction,104.400,1328.828,75,100.000,6299.375
30859.990654,21.175165,Preprocessing,Drift correction,99.600,1330.828,75,88.000,6299.375
30860.191414,21.375925,Preprocessing,Drift correction,99.600,1330.828,75,100.000,6299.375
30860.392061,21.576572,Preprocessing,Drift correction,99.600,1330.828,75,88.000,6299.375
30860.592889,21.777400,Preprocessing,Drift correction,99.600,1330.828,75,100.000,6299.375
30860.793667,21.978179,Preprocessing,Drift correction,94.600,1334.828,75,87.000,6299.375
30860.994354,22.178866,Preprocessing,Drift correction,99.700,1334.828,75,100.000,6299.375
30861.195120,22.379631,Preprocessing,Drift correction,104.600,1336.828,75,92.000,6299.375
30861.395992,22.580503,Preprocessing,Drift correction,99.600,1336.828,75,90.000,6299.375
30861.597068,22.781579,Preprocessing,Drift correction,104.400,1336.832,75,100.000,6299.375
30861.798040,22.982551,Preprocessing,Drift correction,99.500,1336.832,75,90.000,6299.375
30861.999158,23.183669,Preprocessing,Drift correction,84.600,1338.855,75,100.000,6299.375
30862.200020,23.384532,Preprocessing,Drift correction,159.300,1339.219,75,9.000,6299.375
30862.401076,23.585587,Preprocessing,Drift correction,54.700,1315.027,75,0.000,6299.375
30862.601716,23.786227,Preprocessing,Drift correction,0.000,1316.734,75,0.000,6299.375
30862.802332,23.986844,Preprocessing,Drift correction,0.000,1316.734,75,0.000,6299.375
30863.002990,24.187502,Preprocessing,Drift correction,5.000,1323.012,75,0.000,6299.375
30863.203587,24.388098,Preprocessing,Drift correction,0.000,1328.496,75,0.000,6299.375
30863.329147,24.513658,Preprocessing,Drift correction,15.900,1329.344,75,0.000,6299.375
30863.399680,24.584192,Template deconvolution,Template learning,0.000,1329.770,75,0.000,6299.375
30863.404199,24.588710,Template deconvolution,Template learning,0.000,1341.559,75,0.000,6299.375
30863.604671,24.789183,Template deconvolution,Template learning,1321.900,1365.723,75,17.000,6299.375
30863.805425,24.989937,Template deconvolution,Template learning,99.600,1365.867,75,47.000,6299.375
30864.006164,25.190675,Template deconvolution,Template learning,99.600,1365.867,75,100.000,6299.375
30864.207667,25.392178,Template deconvolution,Template learning,104.200,1366.922,75,93.000,6301.375
30864.408317,25.592828,Template deconvolution,Template learning,99.700,1366.922,75,100.000,6301.375
30864.608959,25.793470,Template deconvolution,Template learning,99.600,1369.070,75,93.000,6301.375
30864.809770,25.994281,Template deconvolution,Template learning,99.600,1369.070,75,100.000,6301.375
30865.010435,26.194946,Template deconvolution,Template learning,104.600,1369.223,75,94.000,6301.375
30865.211109,26.395620,Template deconvolution,Template learning,99.700,1369.223,75,100.000,6301.375
30865.411729,26.596240,Template deconvolution,Template learning,99.700,1371.441,75,93.000,6301.375
30865.612420,26.796931,Template deconvolution,Template learning,99.600,1371.441,75,100.000,6301.375
30865.813141,26.997652,Template deconvolution,Template learning,99.700,1371.590,75,93.000,6301.375
30866.014122,27.198633,Template deconvolution,Template learning,99.500,1371.590,75,100.000,6301.375
30866.215041,27.399552,Template deconvolution,Template learning,99.500,1373.766,75,93.000,6301.375
30866.416172,27.600683,Template deconvolution,Template learning,99.500,1373.766,75,100.000,6301.375
30866.617221,27.801732,Template deconvolution,Template learning,99.500,1373.910,75,93.000,6301.375
30866.818245,28.002757,Template deconvolution,Template learning,104.500,1373.910,75,100.000,6301.375
30867.019336,28.203847,Template deconvolution,Template learning,99.500,1374.090,75,93.000,6301.375
30867.220076,28.404588,Template deconvolution,Template learning,104.500,1374.090,75,100.000,6301.375
30867.420879,28.605390,Template deconvolution,Template learning,99.700,1376.312,75,93.000,6301.375
30867.621522,28.806033,Template deconvolution,Template learning,99.700,1376.312,75,100.000,6301.375
30867.822167,29.006679,Template deconvolution,Template learning,99.700,1376.465,75,93.000,6301.375
30868.022815,29.207326,Template deconvolution,Template learning,99.700,1376.465,75,100.000,6301.375
30868.223475,29.407986,Template deconvolution,Template learning,99.700,1380.523,75,93.000,6301.375
30868.424134,29.608645,Template deconvolution,Template learning,99.600,1380.523,75,100.000,6301.375
30868.624896,29.809407,Template deconvolution,Template learning,99.700,1380.527,75,93.000,6301.375
30868.825551,30.010063,Template deconvolution,Template learning,99.700,1380.527,75,100.000,6301.375
30869.026424,30.210936,Template deconvolution,Template learning,99.600,1382.527,75,93.000,6301.375
30869.227069,30.411580,Template deconvolution,Template learning,99.700,1382.527,75,100.000,6301.375
30869.427753,30.612265,Template deconvolution,Template learning,99.700,1382.527,75,94.000,6301.375
30869.628436,30.812948,Template deconvolution,Template learning,104.600,1382.527,75,100.000,6301.375
30869.829094,31.013606,Template deconvolution,Template learning,99.700,1384.527,75,93.000,6301.375
30870.029777,31.214288,Template deconvolution,Template learning,99.700,1384.527,75,100.000,6301.375
30870.230434,31.414946,Template deconvolution,Template learning,104.700,1386.527,75,93.000,6301.375
30870.431096,31.615607,Template deconvolution,Template learning,99.700,1386.527,75,100.000,6301.375
30870.631742,31.816253,Template deconvolution,Template learning,99.700,1386.527,75,94.000,6301.375
30870.832795,32.017306,Template deconvolution,Template learning,99.500,1386.527,75,100.000,6301.375
30871.033818,32.218329,Template deconvolution,Template learning,99.500,1388.527,75,93.000,6301.375
30871.234833,32.419344,Template deconvolution,Template learning,99.500,1388.527,75,100.000,6301.375
30871.435835,32.620346,Template deconvolution,Template learning,99.500,1388.527,75,94.000,6301.375
30871.636800,32.821311,Template deconvolution,Template learning,99.500,1388.527,75,100.000,6301.375
30871.837650,33.022161,Template deconvolution,Template learning,99.600,1392.527,75,93.000,6301.375
30872.038347,33.222858,Template deconvolution,Template learning,99.700,1392.527,75,100.000,6301.375
30872.239061,33.423573,Template deconvolution,Template learning,104.600,1392.527,75,93.000,6301.375
30872.439755,33.624266,Template deconvolution,Template learning,99.700,1392.527,75,100.000,6301.375
30872.640494,33.825005,Template deconvolution,Template learning,104.600,1394.531,75,97.000,6301.375
30872.835240,34.019752,Template deconvolution,Template learning,97.600,1359.066,75,100.000,6301.375
30872.836065,34.020577,Graph clustering,First pass,0.000,1359.066,75,100.000,6301.375
30872.841137,34.025648,Graph clustering,First pass,195.800,1359.066,75,100.000,6301.375
30873.041692,34.226203,Graph clustering,First pass,144.600,1362.254,75,40.000,6301.375
30873.242354,34.426866,Graph clustering,First pass,114.600,1362.254,75,0.000,6301.375
30873.443637,34.628148,Graph clustering,First pass,9.900,1392.824,75,0.000,6301.375
30873.644254,34.828766,Graph clustering,First pass,0.000,1397.070,75,0.000,6301.375
30873.849878,35.034390,Graph clustering,First pass,316.100,1412.891,75,0.000,6301.375
30874.050498,35.235010,Graph clustering,First pass,0.000,1413.672,75,0.000,6301.375
30874.251422,35.435933,Graph clustering,First pass,5.000,1436.691,75,0.000,6301.375
30874.452297,35.636808,Graph clustering,First pass,5.000,1449.988,75,0.000,6301.375
30874.653204,35.837716,Graph clustering,First pass,5.000,1469.297,75,0.000,6301.375
30874.854081,36.038592,Graph clustering,First pass,0.000,1481.383,75,0.000,6301.375
30875.054940,36.239451,Graph clustering,First pass,10.000,1512.945,75,0.000,6301.375
30875.255556,36.440068,Graph clustering,First pass,0.000,1520.090,75,0.000,6301.375
30875.474555,36.659066,Graph clustering,First pass,41.100,1601.379,75,0.000,6301.375
30875.675250,36.859761,Graph clustering,First pass,14.900,1604.488,75,12.000,6301.375
30875.875896,37.060408,Graph clustering,First pass,817.400,1615.477,75,10.000,6301.375
30876.077412,37.261923,Graph clustering,First pass,1285.300,1615.633,75,21.000,6301.375
30876.278076,37.462587,Graph clustering,First pass,1116.100,1615.633,75,16.000,6301.375
30876.478748,37.663259,Graph clustering,First pass,1246.000,1615.633,75,12.000,6301.375
30876.679361,37.863872,Graph clustering,First pass,952.000,1615.633,75,16.000,6301.375
30876.880020,38.064532,Graph clustering,First pass,1305.700,1617.633,75,16.000,6301.375
30877.080654,38.265166,Graph clustering,First pass,1504.400,1620.969,75,20.000,6301.375
30877.281578,38.466089,Graph clustering,First pass,1349.200,1621.199,75,21.000,6301.375
30877.482273,38.666784,Graph clustering,First pass,1420.300,1621.199,75,20.000,6301.375
30877.682938,38.867449,Graph clustering,First pass,1250.800,1621.199,75,17.000,6301.375
30877.883581,39.068092,Graph clustering,First pass,1111.400,1622.160,75,12.000,6301.375
30878.084222,39.268734,Graph clustering,First pass,1091.500,1626.281,75,11.000,6301.375
30878.284880,39.469391,Graph clustering,First pass,1096.400,1626.281,75,19.000,6301.375
30878.485955,39.670466,Graph clustering,First pass,1411.400,1626.281,75,21.000,6301.375
30878.686753,39.871264,Graph clustering,First pass,1480.100,1626.281,75,20.000,6301.375
30878.887376,40.071887,Graph clustering,First pass,1440.500,1626.281,75,20.000,6301.375
30879.088080,40.272592,Graph clustering,First pass,1380.200,1633.488,75,20.000,6301.375
30879.288697,40.473208,Graph clustering,First pass,1061.700,1633.488,75,9.000,6301.375
30879.489520,40.674031,Graph clustering,First pass,1050.700,1633.488,75,13.000,6301.375
30879.690489,40.875000,Graph clustering,First pass,1263.700,1633.488,75,20.000,6301.375
30879.891424,41.075936,Graph clustering,First pass,1458.400,1633.488,75,20.000,6301.375
30880.092313,41.276824,Graph clustering,First pass,1453.500,1643.078,75,20.000,6301.375
30880.293225,41.477736,Graph clustering,First pass,1234.200,1643.078,75,13.000,6301.375
30880.493918,41.678429,Graph clustering,First pass,1186.100,1643.078,75,17.000,6301.375
30880.694525,41.879036,Graph clustering,First pass,1151.500,1643.078,75,13.000,6301.375
30880.895198,42.079710,Graph clustering,First pass,1191.000,1643.078,75,19.000,6301.375
30881.095850,42.280361,Graph clustering,First pass,1340.600,1643.078,75,20.000,6301.375
30881.296516,42.481028,Graph clustering,First pass,1445.200,1643.078,75,20.000,6301.375
30881.497242,42.681753,Graph clustering,First pass,1419.900,1643.078,75,21.000,6301.375
30881.697938,42.882450,Graph clustering,First pass,1265.600,1643.078,75,15.000,6301.375
30881.898572,43.083083,Graph clustering,First pass,1196.000,1643.078,75,13.000,6301.375
30882.099199,43.283710,Graph clustering,First pass,1206.400,1643.078,75,13.000,6301.375
30882.299849,43.484360,Graph clustering,First pass,1106.400,1644.355,75,20.000,6301.375
30882.500696,43.685207,Graph clustering,First pass,1518.600,1644.355,75,21.000,6301.375
30882.701354,43.885865,Graph clustering,First pass,1490.100,1644.355,75,20.000,6301.375
30882.902000,44.086511,Graph clustering,First pass,1360.300,1644.355,75,19.000,6301.375
30883.102690,44.287202,Graph clustering,First pass,1395.500,1644.355,75,16.000,6301.375
30883.303360,44.487871,Graph clustering,First pass,1146.200,1644.355,75,13.000,6301.375
30883.503984,44.688495,Graph clustering,First pass,1146.400,1644.355,75,16.000,6301.375
30883.704621,44.889132,Graph clustering,First pass,1091.500,1644.355,75,16.000,6301.375
30883.905295,45.089806,Graph clustering,First pass,1320.600,1644.355,75,20.000,6301.375
30884.106169,45.290681,Graph clustering,First pass,1577.800,1645.863,75,20.000,6301.375
30884.306895,45.491406,Graph clustering,First pass,1639.300,1646.121,75,20.000,6301.375
30884.507591,45.692102,Graph clustering,First pass,1435.000,1646.637,75,15.000,6301.375
30884.708617,45.893129,Graph clustering,First pass,1149.100,1646.637,75,13.000,6301.375
30884.909668,46.094179,Graph clustering,First pass,1109.200,1646.637,75,12.000,6301.375
30885.110659,46.295170,Graph clustering,First pass,1323.300,1648.441,75,20.000,6301.375
30885.311695,46.496206,Graph clustering,First pass,1532.200,1648.441,75,20.000,6301.375
30885.512416,46.696927,Graph clustering,First pass,1883.200,1650.246,75,21.000,6301.375
30885.713117,46.897628,Graph clustering,First pass,1091.100,1650.246,75,1.000,6301.375
30885.913819,47.098331,Graph clustering,First pass,1235.700,1650.246,75,20.000,6301.375
30886.114509,47.299020,Graph clustering,First pass,1285.600,1650.246,75,20.000,6301.375
30886.315233,47.499744,Graph clustering,First pass,1489.400,1650.246,75,21.000,6301.375
30886.515936,47.700447,Graph clustering,First pass,1450.100,1653.852,75,17.000,6301.375
30886.716728,47.901239,Graph clustering,First pass,1374.600,1654.340,75,15.000,6301.375
30886.917365,48.101876,Graph clustering,First pass,1206.200,1654.340,75,14.000,6301.375
30886.944599,48.129110,Graph clustering,First pass,2312.200,1655.324,75,14.000,6301.375
30887.117993,48.302504,Graph clustering,First pass,155.700,1655.781,75,14.000,8145.375
30887.318761,48.503272,Graph clustering,First pass,99.600,1655.781,75,25.000,8145.375
30887.474203,48.658714,Template deconvolution,Matching pursuit,231.500,1665.809,75,37.000,8145.375
30887.519500,48.704012,Template deconvolution,Matching pursuit,685.100,1894.852,75,37.000,8145.375
30887.720165,48.904676,Template deconvolution,Matching pursuit,104.700,1894.852,75,47.000,8145.375
30887.920865,49.105377,Template deconvolution,Matching pursuit,169.400,1895.043,75,98.000,8145.375
30888.121532,49.306043,Template deconvolution,Matching pursuit,154.500,1895.043,75,91.000,8147.375
30888.322237,49.506748,Template deconvolution,Matching pursuit,99.600,1895.043,75,91.000,8147.375
30888.522870,49.707381,Template deconvolution,Matching pursuit,159.300,1895.043,75,98.000,8147.375
30888.723841,49.908352,Template deconvolution,Matching pursuit,99.600,1901.484,75,92.000,8147.375
30888.924484,50.108995,Template deconvolution,Matching pursuit,159.500,1895.043,75,91.000,8147.375
30889.125223,50.309734,Template deconvolution,Matching pursuit,154.400,1895.043,75,98.000,8147.375
30889.325874,50.510385,Template deconvolution,Matching pursuit,154.500,1895.043,75,92.000,8147.375
30889.526779,50.711290,Template deconvolution,Matching pursuit,104.500,1895.043,75,92.000,8147.375
30889.728008,50.912519,Template deconvolution,Matching pursuit,159.000,1895.043,75,95.000,8147.375
30889.929021,51.113533,Template deconvolution,Matching pursuit,144.300,1895.043,75,95.000,8147.375
30890.130003,51.314514,Template deconvolution,Matching pursuit,104.500,1895.043,75,92.000,8147.375
30890.331062,51.515573,Template deconvolution,Matching pursuit,159.200,1895.043,75,99.000,8147.375
30890.531966,51.716477,Template deconvolution,Matching pursuit,154.300,1895.043,75,92.000,8147.375
30890.733020,51.917531,Template deconvolution,Matching pursuit,99.500,1895.043,75,92.000,8147.375
30890.933834,52.118346,Template deconvolution,Matching pursuit,149.400,1895.043,75,98.000,8147.375
30891.134456,52.318968,Template deconvolution,Matching pursuit,154.500,1895.043,75,92.000,8147.375
30891.335081,52.519592,Template deconvolution,Matching pursuit,99.700,1895.043,75,91.000,8147.375
30891.535709,52.720220,Template deconvolution,Matching pursuit,154.500,1895.043,75,99.000,8147.375
30891.736717,52.921229,Template deconvolution,Matching pursuit,204.000,1895.043,75,92.000,8147.375
30891.937383,53.121894,Template deconvolution,Matching pursuit,99.700,1895.043,75,89.000,8147.375
30892.138041,53.322552,Template deconvolution,Matching pursuit,99.700,1895.043,75,99.000,8147.375
30892.338690,53.523201,Template deconvolution,Matching pursuit,104.700,1897.617,75,99.000,8147.375
30892.539337,53.723848,Template deconvolution,Matching pursuit,149.500,1895.047,75,93.000,8147.375
30892.739970,53.924481,Template deconvolution,Matching pursuit,104.600,1895.047,75,97.000,8147.375
30892.940654,54.125166,Template deconvolution,Matching pursuit,154.500,1895.047,75,98.000,8147.375
30893.141325,54.325836,Template deconvolution,Matching pursuit,104.700,1895.047,75,93.000,8147.375
30893.342224,54.526736,Template deconvolution,Matching pursuit,149.300,1895.047,75,98.000,8147.375
30893.543013,54.727524,Template deconvolution,Matching pursuit,159.400,1895.047,75,93.000,8147.375
30893.743664,54.928176,Template deconvolution,Matching pursuit,99.700,1895.047,75,92.000,8147.375
30893.944312,55.128823,Template deconvolution,Matching pursuit,149.500,1895.047,75,99.000,8147.375
30894.145128,55.329639,Template deconvolution,Matching pursuit,104.500,1895.047,75,99.000,8147.375
30894.350613,55.535124,Template deconvolution,Matching pursuit,146.100,1895.047,75,92.000,8147.375
30894.551492,55.736004,Template deconvolution,Matching pursuit,104.500,1895.047,75,99.000,8147.375
30894.752114,55.936625,Template deconvolution,Matching pursuit,99.700,1895.047,75,98.000,8147.375
30894.952704,56.137215,Template deconvolution,Matching pursuit,159.500,1895.047,75,92.000,8147.375
30895.153306,56.337818,Template deconvolution,Matching pursuit,99.700,1895.047,75,99.000,8147.375
30895.354147,56.538658,Template deconvolution,Matching pursuit,159.400,1895.047,75,94.000,8147.375
30895.554728,56.739239,Template deconvolution,Matching pursuit,99.700,1895.047,75,98.000,8147.375
30895.613953,56.798464,Template deconvolution,Matching pursuit,489.700,1680.430,75,98.000,8147.375
30895.614535,56.799046,Graph clustering,Final pass,0.000,1680.430,75,98.000,8147.375
30895.755300,56.939811,Graph clustering,Final pass,1292.700,1680.430,75,27.000,8147.375
30895.967258,57.151769,Graph clustering,Final pass,99.100,1681.953,75,23.000,8147.375
30896.169236,57.353747,Graph clustering,Final pass,79.200,1684.172,75,0.000,8147.375
30896.376392,57.560903,Graph clustering,Final pass,91.700,1685.941,75,0.000,8147.375
30896.577066,57.761578,Graph clustering,Final pass,99.700,1686.492,75,0.000,8147.375
30896.777768,57.962279,Graph clustering,Final pass,74.700,1687.746,75,1.000,8147.375
30896.978498,58.163009,Graph clustering,Final pass,99.600,1689.211,75,0.000,8147.375
30897.179702,58.364213,Graph clustering,Final pass,69.600,1690.172,75,0.000,8147.375
30897.380413,58.564924,Graph clustering,Final pass,104.600,1692.043,75,0.000,8147.375
30897.581102,58.765613,Graph clustering,Final pass,1415.100,1692.043,75,0.000,8147.375
30897.781850,58.966361,Graph clustering,Final pass,871.700,1693.066,75,22.000,8147.375
30897.982494,59.167006,Graph clustering,Final pass,1191.100,1693.066,75,18.000,8147.375
30898.183316,59.367827,Graph clustering,Final pass,1603.200,1693.066,75,7.000,8147.375
30898.384415,59.568926,Graph clustering,Final pass,1596.500,1694.605,75,17.000,8147.375
30898.585350,59.769861,Graph clustering,Final pass,1114.800,1694.605,75,22.000,8147.375
30898.786209,59.970720,Graph clustering,Final pass,1080.300,1694.605,75,21.000,8147.375
30898.987114,60.171626,Graph clustering,Final pass,1040.300,1694.605,75,12.000,8147.375
30899.187907,60.372418,Graph clustering,Final pass,1603.600,1696.926,75,10.000,8147.375
30899.388678,60.573189,Graph clustering,Final pass,1170.200,1696.926,75,23.000,8147.375
30899.589373,60.773885,Graph clustering,Final pass,1151.300,1696.926,75,21.000,8147.375
30899.790021,60.974533,Graph clustering,Final pass,1241.000,1696.926,75,8.000,8147.375
30899.990692,61.175204,Graph clustering,Final pass,1609.600,1696.926,75,13.000,8147.375
30900.191380,61.375891,Graph clustering,Final pass,1215.800,1696.926,75,21.000,8147.375
30900.392048,61.576560,Graph clustering,Final pass,807.100,1696.926,75,19.000,8147.375
30900.592789,61.777300,Graph clustering,Final pass,1460.000,1696.926,75,7.000,8147.375
30900.793441,61.977953,Graph clustering,Final pass,1485.100,1696.926,75,18.000,8147.375
30900.994112,62.178623,Graph clustering,Final pass,1470.100,1696.926,75,21.000,8147.375
30901.194859,62.379371,Graph clustering,Final pass,1130.800,1696.926,75,21.000,8147.375
30901.395612,62.580124,Graph clustering,Final pass,792.000,1696.926,75,12.000,8147.375
30901.596433,62.780944,Graph clustering,Final pass,1438.900,1696.926,75,12.000,8147.375
30901.797187,62.981699,Graph clustering,Final pass,1549.300,1698.473,75,19.000,8147.375
30901.998511,63.183022,Graph clustering,Final pass,779.700,1698.473,75,11.000,8147.375
30902.199179,63.383690,Graph clustering,Final pass,1883.900,1698.473,75,13.000,8147.375
30902.399877,63.584388,Graph clustering,Final pass,931.800,1698.473,75,21.000,8147.375
30902.600577,63.785088,Graph clustering,Final pass,1295.300,1700.277,75,0.000,8147.375
30902.801274,63.985785,Graph clustering,Final pass,892.000,1700.277,75,26.000,8147.375
30903.001921,64.186432,Graph clustering,Final pass,1171.000,1700.277,75,12.000,8147.375
30903.202975,64.387486,Graph clustering,Final pass,1547.100,1700.277,75,12.000,8147.375
30903.403943,64.588454,Graph clustering,Final pass,1577.400,1700.277,75,18.000,8147.375
30903.604822,64.789334,Graph clustering,Final pass,1458.600,1700.277,75,21.000,8147.375
30903.805710,64.990221,Graph clustering,Final pass,846.000,1700.277,75,19.000,8147.375
30904.006398,65.190909,Graph clustering,Final pass,1136.400,1700.277,75,15.000,8147.375
30904.207073,65.391585,Graph clustering,Final pass,1534.800,1700.277,75,9.000,8147.375
30904.407712,65.592223,Graph clustering,Final pass,1749.400,1700.277,75,21.000,8147.375
30904.608417,65.792929,Graph clustering,Final pass,1205.800,1700.277,75,21.000,8147.375
30904.809079,65.993590,Graph clustering,Final pass,877.100,1700.277,75,12.000,8147.375
30905.009746,66.194257,Graph clustering,Final pass,1469.900,1700.277,75,11.000,8147.375
30905.210436,66.394948,Graph clustering,Final pass,1554.900,1700.277,75,19.000,8147.375
30905.411090,66.595602,Graph clustering,Final pass,1500.000,1700.277,75,21.000,8147.375
30905.611780,66.796291,Graph clustering,Final pass,1205.900,1700.277,75,21.000,8147.375
30905.812449,66.996960,Graph clustering,Final pass,1071.400,1700.277,75,20.000,8147.375
30906.013104,67.197615,Graph clustering,Final pass,1075.900,1700.277,75,6.000,8147.375
30906.213927,67.398439,Graph clustering,Final pass,1380.000,1700.277,75,16.000,8147.375
30906.414549,67.599060,Graph clustering,Final pass,1634.900,1700.277,75,19.000,8147.375
30906.615281,67.799792,Graph clustering,Final pass,1200.600,1700.277,75,21.000,8147.375
30906.816026,68.000538,Graph clustering,Final pass,1310.200,1700.277,75,20.000,8147.375
30907.016719,68.201231,Graph clustering,Final pass,1235.700,1700.277,75,18.000,8147.375
30907.217378,68.401889,Graph clustering,Final pass,1126.000,1700.277,75,16.000,8147.375
30907.418868,68.603380,Graph clustering,Final pass,1231.100,1700.277,75,12.000,8147.375
30907.619592,68.804103,Graph clustering,Final pass,1539.400,1700.277,75,17.000,8147.375
30907.820224,69.004736,Graph clustering,Final pass,1619.900,1700.277,75,19.000,8147.375
30908.021194,69.205705,Graph clustering,Final pass,552.300,1700.277,75,28.000,8147.375
30908.222154,69.406666,Graph clustering,Final pass,1313.300,1700.277,75,16.000,8147.375
30908.423090,69.607601,Graph clustering,Final pass,1443.700,1700.277,75,15.000,8147.375
30908.624077,69.808589,Graph clustering,Final pass,1875.700,1700.277,75,21.000,8147.375
30908.824794,70.009306,Graph clustering,Final pass,1016.400,1700.277,75,15.000,8147.375
30909.025494,70.210005,Graph clustering,Final pass,1225.700,1700.277,75,14.000,8147.375
30909.226181,70.410692,Graph clustering,Final pass,1499.900,1700.277,75,12.000,8147.375
30909.426849,70.611360,Graph clustering,Final pass,1638.500,1700.277,75,22.000,8147.375
30909.627650,70.812161,Graph clustering,Final pass,1260.800,1700.277,75,20.000,8147.375
30909.828331,71.012842,Graph clustering,Final pass,1116.200,1700.277,75,18.000,8147.375
30910.029016,71.213527,Graph clustering,Final pass,986.600,1704.387,75,4.000,8147.375
30910.230171,71.414683,Graph clustering,Final pass,1710.100,1704.387,75,21.000,8147.375
30910.430831,71.615343,Graph clustering,Final pass,1210.600,1704.387,75,23.000,8147.375
30910.631540,71.816051,Graph clustering,Final pass,1305.800,1704.387,75,20.000,8147.375
30910.832179,72.016690,Graph clustering,Final pass,1211.100,1705.934,75,0.000,8147.375
30911.032857,72.217368,Graph clustering,Final pass,1420.200,1705.934,75,21.000,8147.375
30911.233576,72.418087,Graph clustering,Final pass,1534.500,1705.934,75,20.000,8147.375
30911.434240,72.618751,Graph clustering,Final pass,1544.800,1705.934,75,20.000,8147.375
30911.634909,72.819420,Graph clustering,Final pass,1140.600,1705.934,75,20.000,8147.375
30911.835674,73.020185,Graph clustering,Final pass,1226.000,1705.934,75,14.000,8147.375
30912.036485,73.220997,Graph clustering,Final pass,1279.800,1705.934,75,14.000,8147.375
30912.132331,73.316842,Graph clustering,Final pass,2399.800,1706.191,75,14.000,8147.375
30912.133345,73.317856,Graph clustering,Merging,0.000,1706.191,75,14.000,8147.375
30912.237200,73.421712,Graph clustering,Merging,250.300,1706.191,75,16.000,8147.375
30912.437900,73.622411,Graph clustering,Merging,99.700,1706.688,75,0.000,8147.375
30912.638500,73.823011,Graph clustering,Merging,653.000,1707.375,75,2.000,8147.375
30912.839244,74.023755,Graph clustering,Merging,881.700,1707.375,75,4.000,8147.375
30913.040462,74.224973,Graph clustering,Merging,472.100,1707.375,75,4.000,8147.375
30913.215512,74.400023,Graph clustering,Merging,308.500,1706.824,75,4.000,8147.375
